{"cameraMode":{"drawMode":0,"name":"Shaded","section":"Shading Mode"},"sceneLighting":true,"audioPlay":false,"sceneViewState":{"showFog":true,"showMaterialUpdate":false,"showSkybox":true,"showFlares":true,"showImageEffects":true,"showParticleSystems":true},"in2DMode":false,"pivot":{"x":-6.623259544372559,"y":-0.3041496276855469,"z":-4.141473770141602},"rotation":{"x":-0.26420748233795168,"y":0.19704551994800569,"z":-0.05523671954870224,"w":-0.942505419254303},"size":34.16823196411133,"orthographic":false}