{"cameraMode":{"drawMode":0,"name":"Shaded","section":"Shading Mode"},"sceneLighting":true,"audioPlay":false,"sceneViewState":{"showFog":true,"showMaterialUpdate":false,"showSkybox":true,"showFlares":true,"showImageEffects":true,"showParticleSystems":true},"in2DMode":false,"pivot":{"x":446.2820129394531,"y":328.5741882324219,"z":0.3431396484375},"rotation":{"x":0.01949938014149666,"y":0.004499231465160847,"z":-0.00008834560867398977,"w":0.9998034834861755},"size":804.8245239257813,"orthographic":false}