{"cameraMode":{"drawMode":0,"name":"Shaded","section":"Shading Mode"},"sceneLighting":false,"audioPlay":false,"sceneViewState":{"showFog":true,"showMaterialUpdate":false,"showSkybox":false,"showFlares":true,"showImageEffects":true,"showParticleSystems":true},"in2DMode":false,"pivot":{"x":0.6575431823730469,"y":3.8172526359558107,"z":7.54149055480957},"rotation":{"x":0.035009097307920459,"y":0.1463795006275177,"z":-0.005183600354939699,"w":0.9885961413383484},"size":100.21599578857422,"orthographic":false}